,Aruba,Angola,Albania,Andorra,Arab World,United Arab Emirates,Argentina,Armenia,Antigua and Barbuda,Australia,Austria,Azerbaijan,Burundi,Belgium,Benin,Burkina Faso,Bangladesh,Bulgaria,Bahrain,"Bahamas, The",Bosnia and Herzegovina,Belarus,Belize,Bolivia,Brazil,Barbados,Brunei Darussalam,Bhutan,Botswana,Central African Republic,Canada,Central Europe and the Baltics,Switzerland,Chile,China,Cote d'Ivoire,Cameroon,"Congo, Dem. Rep.","Congo, Rep.",Colombia,Comoros,Cabo Verde,Costa Rica,Caribbean small states,Cuba,Cyprus,Czech Republic,Germany,Djibouti,Dominica,Denmark,Dominican Republic,Algeria,East Asia & Pacific (excluding high income),Early-demographic dividend,East Asia & Pacific,Europe & Central Asia (excluding high income),Europe & Central Asia,Ecuador,"Egypt, Arab Rep.",Euro area,Spain,Estonia,Ethiopia,European Union,Fragile and conflict affected situations,Finland,Fiji,France,"Micronesia, Fed. Sts.",Gabon,United_Kingdom,Georgia,Ghana,Guinea,"Gambia, The",Guinea-Bissau,Equatorial Guinea,Greece,Grenada,Guatemala,Guyana,High income,"Hong Kong SAR, China",Honduras,Heavily indebted poor countries (HIPC),Croatia,Haiti,Hungary,IBRD only,IDA & IBRD total,IDA total,IDA blend,Indonesia,IDA only,India,Ireland,"Iran, Islamic Rep.",Iceland,Israel,Italy,Jamaica,Jordan,Japan,Kazakhstan,Kenya,Kyrgyz Republic,Cambodia,Kiribati,St. Kitts and Nevis,"Korea_Rep",Kuwait,Latin America & Caribbean (excluding high income),Lao PDR,Lebanon,Liberia,Libya,St. Lucia,Latin America & Caribbean,Least developed countries: UN classification,Low income,Sri Lanka,Lower middle income,Low & middle income,Lesotho,Late-demographic dividend,Lithuania,Luxembourg,Latvia,"Macao SAR, China",Morocco,Moldova,Madagascar,Maldives,Middle East & North Africa,Mexico,Marshall Islands,Middle income,"Macedonia, FYR",Mali,Malta,Myanmar,Middle East & North Africa (excluding high income),Montenegro,Mongolia,Mozambique,Mauritania,Mauritius,Malawi,Malaysia,North America,Namibia,Niger,Nigeria,Nicaragua,Netherlands,Norway,Nepal,New Zealand,OECD members,Oman,Other small states,Pakistan,Panama,Peru,Philippines,Palau,Papua New Guinea,Poland,Pre-demographic dividend,Portugal,Paraguay,West Bank and Gaza,Pacific island small states,Post-demographic dividend,Qatar,Romania,Russian Federation,Rwanda,South Asia,Saudi Arabia,Sudan,Senegal,Singapore,Solomon Islands,Sierra Leone,El Salvador,San Marino,Serbia,Sub-Saharan Africa (excluding high income),Sub-Saharan Africa,Small states,Suriname,Slovak Republic,Slovenia,Sweden,Eswatini,Seychelles,Chad,East Asia & Pacific (IDA & IBRD countries),Europe & Central Asia (IDA & IBRD countries),Togo,Thailand,Tajikistan,Turkmenistan,Latin America & the Caribbean (IDA & IBRD countries),Timor-Leste,Middle East & North Africa (IDA & IBRD countries),Tonga,South Asia (IDA & IBRD),Sub-Saharan Africa (IDA & IBRD countries),Trinidad and Tobago,Tunisia,Turkey,Tuvalu,Tanzania,Uganda,Ukraine,Upper middle income,Uruguay,United_States,Uzbekistan,St. Vincent and the Grenadines,Vietnam,Vanuatu,World,Samoa,Kosovo,"Yemen, Rep.",South Africa,Zambia,Zimbabwe
2000,1873452513.96648,9129594818.60749,3480355258.0412197,1434429703.33518,735188056517.1659,104337372362.151,284203750000.0,1911563665.3900602,830158768.888889,415034227218.489,196799778883.36102,5272617196.045171,870486065.883137,237904919845.21802,2569186642.86999,2628920056.1009803,53369787318.6245,13153016530.8718,9062906914.89362,8076470000.0,5505984455.95855,12736856827.9847,832072450.0,8397912509.09679,655420645476.906,3121500000.0,6001153306.2645,439158233.199822,5788329609.15755,914500299.097034,742293448252.643,427831355695.71796,272055499940.786,77860932151.8471,1211346869605.24,10717022462.6859,10083937740.0624,19088046305.7971,3219910550.39332,99886577330.7271,350264287.687331,539227277.6264111,14949514493.4226,34177064571.079,30565400000.0,9985843543.82658,61649492816.5201,1949953934033.54,551230861.856506,333468888.888889,164158800460.219,24305116729.1851,54790245600.5846,1735179304664.37,3289051893099.14,8280879009022.68,698128647956.78,10018778713285.6,18327764882.4412,99838543960.0763,6480938576671.83,595402616546.895,5685774808.80862,8242392103.68061,8906062201757.0,217556592771.691,125539893126.95801,1684109743.49338,1362248940482.77,233226300.0,5067865320.7979,1647951278559.54,3057453467.55136,4983024408.14828,2995360969.1619897,782915402.421095,370173838.651652,1045998496.4387199,130133845771.144,520044370.37037003,19288827158.9035,712667896.727512,27898295102220.8,171668164082.555,7103507989.050441,159165104121.53,21774273831.5586,3953846310.66081,47310623887.2319,5800338930601.29,6251559693296.07,453488227878.829,198869613283.214,165021012077.81,252200872865.304,462146799336.77,99853528653.0311,109591707802.233,8927140438.333158,132339311284.42801,1141759996314.72,8985352831.94058,8460424400.564179,4887519660744.86,18291990619.137,12705357103.0056,1369692689.42855,3677897739.0762796,67254174.3970315,433520494.939384,561633125839.994,37711864406.7797,1798300369038.6,1731198022.45494,17260364842.4544,874000000.0,38270206950.41,833537296.296296,2287586779028.22,207279093722.303,145192911841.727,16330814179.9766,1294567364808.38,5689062395309.29,887295267.8751551,3402236664361.05,11539211480.3625,21263514833.2412,7937758980.3012705,6720492405.83611,38857251336.3448,1288429391.79951,3877673539.09084,624337145.284622,967036532456.8871,707906744574.644,110937700.0,5546860568913.78,3772851420.2476296,2954129565.82965,4306192435.82207,8905066163.58643,451673606823.492,984297589.359934,1136896123.6129801,5016469068.50898,1293654175.2102,4582555124.64952,1743506531.32652,93789736842.1053,11030552667252.6,3833993706.7358103,1798374468.3636198,69448756932.6008,5107329007.0922,412807259996.315,171315639982.731,5494252207.905021,52622842840.2055,27406671767333.5,19507412223.6671,91543040987.1909,73952374969.7995,12304115000.0,51744749133.213,81026300310.0109,144759500.0,3521339699.0740705,171885598582.637,236361622279.74,118358489957.619,8855705139.55857,4313600000.0,3444107103.84476,26289657755205.7,17759890109.8901,37438527799.5302,259708496267.33,1734938652.21165,616124993112.047,189514926213.333,12257418326.0734,5924239700.81588,95833932714.6172,435103853.485036,635874002.198748,11784927700.0,1101897917.81832,6540247190.33529,391469596883.44104,392087586531.511,129159920380.07,947671969.6969699,29114875621.8905,20342201356.0052,259802012617.057,1738100853.05052,614879764.7800059,1385058161.7674599,1731600765283.84,891788520370.975,1488185772.47585,126392308497.74901,860521119.298753,2904662604.82053,2174345039489.08,439600000.0,447311432447.73706,202363492.160332,616124993112.047,392087586531.511,8154338232.95978,21473188881.5933,272979846449.13602,13742057.050092801,10185786382.8283,6193246837.09687,31261527363.143997,4252375134921.48,22823255801.8447,10284779000000.0,13760513969.314,396261370.37037003,31172518403.3162,272014693.050806,33597862243728.6,269019710.327456,1849196082.05507,9652436179.64605,136361854808.496,3600683039.7325397,6689957600.0
2001,1920111731.84358,8936063723.20121,3922100793.5403,1496912751.67785,723449066469.795,103311640571.81801,268696750000.0,2118467913.37873,800740257.407407,378215090694.43,197337879194.631,5707720390.8515,876794723.068586,237841968680.09,2680213931.46472,2812845513.57125,53991289844.3291,14075616789.4905,8976207712.765959,8317830000.0,5748990666.17862,12354820143.8849,871860600.0,8141537937.61068,559372276081.9661,3116650000.0,5601090584.36122,476360697.18160594,5489608299.66445,931833302.7528571,736379777892.562,468374571698.775,278631271391.325,70979923960.3742,1339395718865.3,11192560827.2962,10371327756.4548,7438189100.33333,2794259783.08097,98203546156.3102,378180913.355762,563024383.296626,15913363440.5059,35220649366.5483,31682400000.0,10397896174.8634,67523642262.4009,1950648769574.94,572417440.820162,340205074.07407403,164791416350.267,25599311449.3848,54744714396.1666,1846141459464.79,3256607356288.54,7701923356093.82,693538586361.136,10116396135506.2,24468324000.0,97632008709.85301,6587710505265.96,625975838926.175,6245069734.13302,8231326016.47494,9003877592461.26,199671127227.553,129250111856.82301,1660102345.60309,1376465324384.79,240051900.0,5018874179.187039,1621510004318.41,3219487751.95539,5314909953.92992,2833442750.43639,687408804.6305269,392278168.19989705,1461139022.02954,136191353467.562,520444185.18518496,18702802783.7199,712167575.624277,27616573016183.4,169403241524.337,7565869927.73763,151475675371.368,23289671100.5932,3596443004.56165,53821315066.1024,5885735874495.81,6333025044284.43,449383345103.385,199669712623.594,160446947784.909,247223766228.382,478965491061.694,109133512304.25099,126878750295.96199,8136345143.83431,130706147870.747,1162317852348.99,9178016493.05556,8975689844.8519,4303544259842.72,22152694161.8882,12986007425.8781,1525112241.84376,3984000517.02345,63101272.3699183,475443712.230749,533052076313.52704,34890772742.0933,1764672893086.97,1768619058.3464699,17649751243.7811,906000000.0,34110064452.1567,798099555.5555559,2238146730185.71,197430015677.245,137125343089.37,15749753804.8344,1311328089265.62,5774724171166.47,825706961.238689,3516363386410.41,12252498921.0186,21272418791.9463,8350252966.19655,6811227982.82193,39459581217.3759,1480673594.05602,4529575347.56805,870179738.562091,970621963073.46,756706300589.7909,115152100.0,5639556469995.75,3709637829.9486604,3465305993.47783,4331870647.71535,6477790688.22844,467359849131.346,1159869245.9251301,1267997934.3125,4766928746.6914,1295539448.36484,4536538210.66761,1716502862.2954,92783947368.4211,11361884260892.6,3476452442.92614,1945327564.65042,74030364472.4442,5323146565.70315,426573601789.709,174003247439.305,6007055042.539929,53872425916.6248,27157368689215.7,19452015604.6814,91049676400.3395,72309738921.3329,12502013400.0,52030158775.4055,76262072467.3776,155430000.0,3081024212.4292397,190521263343.023,233352395448.79102,121545880984.34,8495806432.18467,4003700000.0,3371088100.35081,26044508473519.6,17538461538.4615,40716836998.0386,306602673980.117,1674685248.19528,632235853220.587,184137469733.333,13182979783.533,6174898370.14018,89286208628.6767,400463452.06517595,1090467712.30773,12282533600.0,1160626398.21029,12267175481.2542,373159802179.39294,373785416992.395,129638048710.709,834279357.7981651,30703017449.6644,20875387068.1145,239917320966.977,1542477308.8940802,622262057.191635,1709347793.32873,1842335491123.85,907349520804.7521,1481141849.98469,120296746256.631,1080726751.53866,3534803921.5686297,2116169026092.94,517700000.0,463338039781.628,181244788.473329,632235853220.587,373785416992.395,8824873259.32105,22066101341.4888,200252121409.922,13196544.946726,10383560602.8537,5840503868.57245,37972301334.6736,4328341687545.51,20898788416.6348,10621824000000.0,11401421329.1974,430039296.296296,32685198735.3053,257926881.72043,33401012299024.3,273088357.1637,2535333631.8853602,9861560094.740091,121600818309.679,4094480988.1193104,6777384700.0
2002,1941340782.1229103,15285594828.418001,4348068242.19512,1733116883.1168802,729231446595.318,109816201497.61699,97724004251.8602,2376335048.3997602,814615323.703704,394486709920.469,213377771503.858,6235856819.58445,825394490.159111,258860436664.784,3054571081.6912,3205592289.79773,54724081490.5102,16276456427.5397,9632155053.19149,8881160000.0,6651226179.01829,14594249022.8922,932551850.0,7905485216.17852,507962487700.024,3169600000.0,5843329107.56171,537050133.717342,5438857106.73536,991387870.1246301,757950678646.53,527421814498.641,301416810214.295,69736811435.1032,1470550015081.55,12346919216.1359,11579343088.1613,8728038525.14034,3019993738.77492,97933391976.08301,423962976.722333,620974660.230303,16504795592.9272,36957137315.8789,33590500000.0,11420230769.2308,81910771993.9155,2079136081309.99,591122039.601398,333195185.185185,178635160297.415,27362875602.5011,56760288973.6703,2043269966704.75,3162015199820.99,7824325462050.88,793403929147.35,11067619137419.2,28548945000.0,87850683978.6691,7167764806807.17,705145868624.13,7322069511.161341,7850809498.16803,9816362222068.71,191895039998.007,139552983248.635,1842691481.0919602,1494286655373.61,241543400.0,5310381151.35952,1768408273381.29,3395739836.96871,6166330136.2948,2949637039.04424,578236035.104279,415843481.998691,1806742742.2731102,153830947016.751,540336925.925926,20776669472.9846,726131434.715338,28605096789275.3,166349228737.386,7775078402.92785,163070464410.84802,26868450814.9263,3472191962.42287,67716887203.4136,5978438469785.61,6460048596206.83,484266137482.641,220798916771.05103,195660611165.183,260582280064.888,508068952065.959,127945379258.423,128626917503.72,9207689916.290009,121069378150.196,1266510634293.24,9694169756.90153,9582453032.44006,4115116279069.77,24636593223.3467,13147743910.7241,1605640974.292,4284028482.53766,72196457.6768445,497328946.72450197,609020054512.465,38137545245.1464,1711280764409.07,1758176653.07746,19152238805.9702,927000000.0,20481889763.7795,804316259.259259,2008216155879.0,214546117753.67603,145276705961.573,16536535647.0834,1415116980456.88,6071503122352.54,775780697.676625,3724683156437.57,14278357283.7419,23616328816.1114,9546441564.34743,7322677820.10108,42236836820.6152,1661818168.4226,4397254607.61164,897031250.0,966819765391.8729,772106378935.3771,124735100.0,5928400809066.75,4018365247.44444,3889758023.73699,4689832689.83269,6777632512.0781,453675740618.617,1284685050.52413,1396555719.97409,5031510908.86055,1324426606.62378,4767303153.99506,3495748397.63025,100845263157.895,11739401906646.5,3275669892.4540005,2170481508.86916,95385819320.7164,5224213017.54386,465368906455.863,195418347152.985,6050875806.66403,66627729311.4495,28339031772329.2,20142782834.8505,98176522511.3999,72306820396.2325,12994310400.0,54777553515.0809,81357605641.8544,161950700.0,2999511040.19764,198680637254.90198,278093307707.726,134228697534.35,7196260656.845559,3555800000.0,3545566371.31687,27164524790718.6,19363736263.7363,46174557555.5892,345470494417.86304,1677552332.39623,663176526356.516,189605920240.0,14803189092.7044,6752510282.957439,91941192896.2359,341661643.551446,1253340519.53311,12664190300.0,1253529079.61604,16116843146.4806,407122999590.474,407824372176.91705,138675829913.61,1093574468.08511,35083608130.9994,23563576758.1047,263926220332.543,1432228125.26682,697518248.175182,1987622279.11463,2039047526222.18,1018953017217.18,1698678686.38235,134300851255.002,1221156976.95452,4461978498.86577,1882072103086.82,510700000.0,450125488805.02,182737040.095422,663176526356.516,407824372176.91705,9008273720.93395,23142294436.2383,238428211252.654,15450994.2410084,10805599892.7355,6178563590.89254,42351593887.2827,4513175407259.09,13606494599.4261,10977514000000.0,9687788512.80184,461883444.44444406,35064105500.8345,262603781.79905897,34686233463740.6,288078881.433056,2406270658.23024,10694628091.6726,115748110112.68,4193845678.1703296,6342116400.0
2003,2021229050.27933,17812705294.417,5611496257.14231,2398645598.19413,823341300650.195,124346358066.71199,127586973492.17699,2807061008.69084,855643099.62963,466294700058.241,261695778781.038,7276013031.96905,784654423.620476,319002821670.42896,3905366187.87017,4205691222.1139603,60158929188.2556,20982685981.4163,11074822074.4681,8870090000.0,8370020196.19158,17827791321.3067,990374050.0,8082364868.39357,558319920831.979,3274850000.0,6557333084.60567,622026107.7715759,7511582173.37724,1139754799.16304,892380986367.854,634796815766.53,352914820747.011,75643459839.6008,1660287965662.68,15306602560.2533,14548845764.5325,8937567059.87754,3495868808.0512,94684584162.77301,545658929.044587,813963830.179217,17195867468.4087,39498589670.4827,35901200000.0,14547327293.3182,99627140274.3805,2505733634311.51,622044665.515049,343310666.666667,218095997085.477,21642882856.4247,67863829880.4832,2312730900513.83,3516507116272.96,8601705923995.76,1002023182718.78,13480720524827.3,32432858000.0,82924503942.6381,8843899430025.93,906853273137.698,9833870709.12376,8623691300.04079,11949482161067.0,217917290105.392,171071106094.808,2315935752.71653,1840480812641.08,245277400.0,6497305662.09274,2038395102040.82,3991281531.13947,7632406552.83803,3446442218.8982897,487038821.611959,476388260.63923204,2484745935.09329,201924270316.02698,591018407.407407,21917706484.5071,743064076.794567,32091194820882.0,161384522525.299,8140271080.5604,186032532742.118,34667270715.9072,2960306120.93557,85324771841.4118,6732030754162.18,7273714047288.28,544666896007.27795,247737127318.66898,234772463823.808,293696670276.802,599592902016.212,164285112866.817,153544751395.43,11316441660.0399,126864966908.93901,1569649661399.55,9399447609.1835,10195660789.8449,4445658071221.86,30833699702.7594,14904517649.8476,1919012666.5690398,4658246918.270921,90231856.8000519,486344351.017684,680520724062.403,47875838926.1745,1713929857270.2,2023324407.3031602,20082918739.6352,748000000.0,26265625000.0,882991000.0,2051742392364.88,243706903706.817,158235945170.663,18881765437.2151,1624250352728.79,6824544584777.69,1157832934.55127,4246875060114.9,18802576988.1557,29557325056.4334,11748433157.0533,8195033162.120379,52064058833.9739,1980901553.5122602,5474030080.24451,1052121054.6875,1089096682619.0,729336319677.4491,126887600.0,6668362018789.92,4946292774.790461,4703504466.53245,5456583589.39342,10467109977.6717,511776433348.428,1707710053.14938,1595297355.78349,5597367853.40358,1563074859.5217302,5609831328.0648,3208837077.25069,110202368421.05301,12407237511367.9,4811994025.98634,2731416346.4815803,104911947833.92699,5322454925.84746,571863431151.2421,228752436371.85397,6330473096.54071,88250885550.2626,31734387211003.9,21633810143.0429,121863126396.696,83244801092.7096,13693981200.0,58731030121.8671,83908206647.9347,152765800.0,3536411824.2958,217513049291.61,317192041098.214,164964195259.594,7691367471.17992,3968000000.0,4151867430.2096796,30473292058801.0,23533791208.7912,59867801204.8193,430347770733.155,1846198770.5870898,774398576801.5021,215807655253.333,17646503525.1743,8683229268.119791,97001377568.5914,332738245.913215,1385810072.19217,13243892200.0,1600451467.26862,21188704081.2428,510870955379.509,511579708028.76,165509798142.352,1274190311.41869,46731767494.3567,29697448108.2957,331108912605.271,2197612701.09852,705704816.0423651,2736666515.8294,2307975858482.95,1254203502726.3,2111093197.99043,152280653543.725,1555366825.63533,5977560877.440129,1919646150147.23,543400000.0,507817712018.815,202543202.004099,774398576801.5021,511579708028.76,11305459802.0683,27453084982.5378,311822906256.24603,18231078.539464302,11659129888.8021,6336696288.98214,50084197498.4529,5043791536367.52,12045631092.5353,11510670000000.0,10134453435.4603,481806296.296296,39552513316.0734,314463144.04219,38926489690497.5,338838639.378435,2790455727.69422,11777966673.3897,175256916996.047,4901839731.26571,5727591800.0
2004,2228491620.11173,23552052407.5488,7184685781.51876,2935659299.72684,964327345387.5309,147824370319.94598,164657930452.787,3576615240.41616,919577142.592592,611904253805.662,300904221504.842,8680370408.05943,915257323.3961,370885026074.0,4521424807.22519,4838551099.70985,65108544250.0425,25957970922.4811,13150166755.3191,9055290000.0,10596205714.2857,23144351851.8519,1057845500.0,8773451738.911291,669316654017.094,3514350000.0,7872333215.004141,702682018.976169,8957467706.5354,1270080250.6526802,1023196003074.56,762822028937.769,394163688620.82794,99210392857.6116,1955347004963.27,16554441846.5192,17430933517.2998,10297483481.223,4648628921.36969,117074863821.85,632570092.207793,924318490.7598,18529767918.1536,43221500667.3951,38203000000.0,17320550000.0,119162172468.268,2819245095604.67,666072101.7775049,367199111.111111,251373036671.06198,22692574473.3467,85324998813.604,2682114105703.67,4085431153496.94,9646251735892.97,1326184919523.89,15714541903434.1,36591661000.0,78845185293.4964,10144388626439.9,1069555500372.49,12059201242.236,10131187261.4421,13798051427969.8,252914362369.721,196768065557.487,2727507212.92556,2115742488204.62,240097000.0,7756293574.98077,2398555474185.28,5125362833.31629,8881368538.07671,3666349049.42641,578785951.428733,531109356.165462,4410764338.66733,240521260988.32898,599118592.592593,23965275999.6426,787814379.183843,35744926450769.6,169099768875.193,8772194250.27021,214224435893.932,41523418157.6131,3537720277.49988,104066609517.92801,8009386329294.07,8645955842999.74,640029631735.683,303336469004.372,256836875295.452,332656714987.07697,699688852930.441,193870350136.578,190043433964.841,13722824251.3004,135445033199.465,1798314750434.57,10150978154.5484,11411390409.0268,4815148854362.11,43151647002.6096,16095337093.8366,2211534585.0034,5337833248.03924,102367039.270481,529250459.259259,764880644710.649,59440108585.0017,1953987429192.16,2366398119.8821,21145518599.8673,897000000.0,33122307692.3077,953734555.5555551,2364523927294.59,280096648053.528,181360640651.61398,20662525941.2986,1864556239738.58,8089989888247.6,1511236655.52047,5105490747712.92,22649930576.2543,34685281847.5292,14373269155.7174,10585624890.9277,59626020162.3816,2598231467.4367104,4363934494.37405,1226829562.5,1271408318445.48,782240601984.76,131334600.0,7910583322781.78,5682719260.0763,5444474268.424911,6062780269.0583,10567354056.4049,593117335732.066,2073234417.6806602,1992066808.0959802,6831808930.39816,1833444740.37736,6385695187.0102,3476094498.8751698,124749736842.105,13302608706074.6,6480441754.90775,3052898739.4678,136385979322.685,5795568204.64532,650532654581.574,264357494659.388,7273938314.71988,103904537815.12599,35318858987240.1,24763589076.723,151429039674.116,97977766197.6724,15013381700.0,66768703497.5687,91371242495.0794,164163200.0,3927157866.96465,255102252843.395,388484771657.79,189187437298.237,9624440836.29309,4329200000.0,4792900405.570539,33859423444033.9,31734065934.0659,76216441462.1442,591016690742.937,2088961968.9357898,897867918024.543,258742133333.333,21457470202.7839,10167441854.4694,114188557567.152,375111894.932329,1448536630.8814301,13724810900.0,1877328035.75863,24861483280.6339,637464310990.7789,638306998774.526,199439585571.37302,1484092538.4052699,57240535137.8197,34470227453.9113,381705425301.74603,2770082791.50412,839319927.272727,4414929219.99649,2676685770514.13,1622810590524.9,2255942249.33218,172895476152.59198,2076148796.4989102,6838351088.46688,2223081566817.56,1078400000.0,588817735697.859,229358214.79200298,897867918024.543,638306998774.526,13280275123.0354,31183139301.4853,404786390740.091,21534931.607589398,12825801580.9281,7940362799.179971,64819702951.6826,6046026972738.36,13686329890.1191,12274928000000.0,12030023547.8807,521975111.11111104,45427854693.2554,364996869.129618,43844755273533.4,420320176.359437,3556757428.82009,13872791658.5487,228937347865.858,6221077674.77871,5805598400.0
2005,2330726256.9832397,36970918699.2523,8052073539.38058,3255789080.96008,1185142919458.18,180617018379.85,198737095012.28198,4900469950.09033,1022191294.07407,692641708013.833,315974418604.651,13245716099.0057,1117113045.65222,387365750528.541,4803702821.08055,5462709498.45119,69442943089.4309,29636617749.8253,15968726861.7021,9836200000.0,11222953519.4252,30207567316.6202,1114202700.0,9549077869.1065,891630175813.342,3897300000.0,9531402847.87311,818869145.124717,9931134940.51346,1337362392.15225,1169357979864.66,886221273344.2041,408689353999.35706,122964812046.07301,2285965892360.54,17084928927.4555,17944084201.4901,11964484667.9102,6087003176.11624,145180960224.302,653584808.745573,971977088.1569141,19952156489.4661,48878552450.9397,42643836074.8,18433416241.761,136280689891.224,2861410272354.18,708633194.726566,364255074.07407403,264467308109.19,36119047252.1794,103198228458.58801,3107075045183.43,4761736820655.88,10293017369858.1,1680592061816.2,16739587605251.8,41507085000.0,89685725230.2517,10528797390023.1,1157276458151.97,14006088297.4754,12401139453.9738,14433131405635.5,307258061329.075,204436015420.96802,3006725014.78415,2196126103718.44,250149400.0,9578973591.00958,2520701818181.82,6410847045.01065,10731634116.7384,2937071767.25576,624173239.919651,586795675.416201,8217369092.652241,247783001865.44,695370296.296296,27211377220.0677,824880550.343965,37827853038361.5,181570082162.19,9672035709.39793,246605380088.303,45347181466.3022,4310358095.62898,113035361316.74901,9576194582910.89,10320210050931.4,747885037384.4341,364257339632.166,285868618224.01697,378720745779.479,808901077222.092,211650764830.245,226452138291.542,16691490113.795,142462925574.34802,1852661982340.5,11204416000.0,12588665303.244,4755410630912.14,57123671733.8953,18737897744.7948,2460248026.17783,6293046161.832621,112133944.253532,577730934.074074,898137194716.188,80797945205.4795,2376142630286.5,2735558726.25625,21489962079.602,949000000.0,47334148578.4164,1015605740.7407401,2858804693534.92,332153320786.486,209529489461.92,24405791044.7761,2163693745154.41,9649641944891.38,1682350934.85132,6162354673016.0,26125575942.2814,37347394602.6614,16922504044.803999,12092222041.9168,62343022650.8742,2988338439.3155303,5039293030.82367,1163362437.5,1530343281649.41,877476221382.101,137928600.0,9441889453410.21,6258600713.82627,6245031690.06808,6394851386.64345,11986972418.5103,698623941564.982,2257174480.7859697,2523471532.01083,7723846194.874459,2184445123.17519,6283803256.01264,3655909664.1423,143534102611.49698,14267952115864.7,7121391945.38407,3405134831.8504896,176134087150.54,6321335612.22233,678533764457.157,308722079937.912,8130258041.467059,114718721396.888,37336037234230.5,31081924577.3732,184150951873.71,109502102510.88301,16374393900.0,76060606060.6061,103071582125.968,184677300.0,4865892972.27595,306125173852.573,488232120417.858,197304513120.25897,10737500188.1123,4831800000.0,5264846475.9399,35641133776484.9,44530494505.4945,99697566667.8107,764017107993.346,2581313485.6852303,1028573541116.05,328459608764.111,26524538565.7403,11022821631.8674,127417688055.756,413909879.28126496,1650494366.99875,14698001400.0,1958711603.03445,26252007830.4639,759311552239.815,760233816351.432,238291296532.75897,1793388732.29125,62697540106.9519,36346974008.2079,389042298376.845,3178126491.9094896,919103254.5454551,6646663561.2656,3100871257451.28,2032064417135.07,2280575830.0833697,189318499954.00302,2312327536.41789,8103901996.37024,2706520157544.43,1813800000.0,693827855525.7329,262176133.72542998,1028573541116.05,760233816351.432,15982282462.3786,32273007553.5687,501416344150.045,21839098.892707102,16929976600.142,9013834373.41246,86057915585.3026,7278195693801.64,17362857683.8545,13093726000000.0,14307509838.8053,550728666.666667,57633255618.2731,394962552.336108,47487175386842.7,462649043.044658,3663101604.2780704,16746344766.2044,257671413750.825,8331870169.149771,5755215200.0
2006,2424581005.58659,52381006892.037994,8896072918.9814,3543256805.92147,1404653310998.68,222116541865.214,232557260817.308,6384451606.1421,1157005441.4814801,745521862833.1841,335998557270.104,20982986344.3027,1273375020.26862,409813197842.178,5142380779.44103,5816310157.71765,71819083683.7403,34130122490.8613,18505053191.4894,10167250000.0,12864610993.5219,36954312354.3124,1217442150.0,11451845341.1964,1107640297889.95,4176500000.0,11470703002.0769,897731524.9299221,10126940513.3125,1460561215.4447,1315415197461.21,1002357076099.68,430921192375.17896,154788024805.808,2752131773355.16,17800887796.4987,19356046327.8995,14451902467.9315,7731261310.93322,161189825603.139,697810988.051543,1107891063.43863,22600431882.9744,54565407832.5453,52742800000.0,20072788859.6161,155463807112.889,3002446368084.31,768873684.032838,390250148.148148,282884912894.33,38116351526.2862,117027304746.54,3742275183464.0,5450773903116.34,10916256060868.1,2063278706026.63,18120782390532.6,46802044000.0,107484034870.974,11179264283534.8,1264551499184.54,16963625015.6818,15280861834.6024,15398339921434.8,363625141293.063,216552502822.732,3102741451.0166397,2318593651988.46,253372300.0,10318424464.3377,2692612695492.18,7745401717.71248,20409668521.5494,4220019227.96795,655070067.733924,591839470.665059,10086528698.8604,273317737046.795,698700666.666667,30231249362.2057,1458453715.32702,39949133760337.7,193536265094.36398,10841742347.7968,295485428365.87396,50375095636.2372,4756204069.61876,115295199391.606,11350515176329.3,12262628129942.4,917172988667.2991,470783831920.183,364570514304.851,439904180749.39,920316529729.61,232085535064.60898,266298911661.14398,17048647567.6831,153966916311.325,1942633797516.0,11901911987.8604,15056929760.2257,4530377224970.4,81003884545.4098,25825524820.8064,2834168889.42019,7274595706.67154,110234939.759036,657227386.666667,1011797457138.5,101550654720.88199,2790111690895.86,3452882514.0016603,22048664306.2023,1119000000.0,54961936662.6066,1133882148.14815,3350524323512.75,390809018246.764,236192338379.724,28279814924.5918,2594212008980.46,11487611177980.2,1800105589.6034899,7437355839992.81,30216060233.4044,42414308116.9239,21447021570.1028,14789661809.1834,68640825480.9223,3408272498.11516,5515884348.54904,1575200390.625,1791177313411.26,975387131716.0891,143930000.0,11252454763637.4,6861222331.96317,6899799785.8441,6757119558.3992,14502553709.8303,811618643772.4309,2721904403.46255,3414055566.1138,8312078525.08582,3040716679.0766897,7028803365.70151,3998020176.67364,162690965596.205,15176717496461.2,7835043624.092091,3646728060.0646296,236103982431.63898,6763671610.70006,726649102998.369,345424664369.357,9043715355.8881,111608845081.38301,39364104147213.2,37215864759.4278,217103830508.036,137264061106.04301,18141666300.0,88643193061.748,122210716311.048,188037700.0,8306343442.27435,344748646558.391,621514064493.463,208566948939.90698,13429430050.261002,4910100000.0,5538558362.68826,37487513277219.9,60882142857.1428,123533036667.85301,989930542278.6841,3152324689.2436104,1176167422310.11,376900133511.34796,35822408611.5588,11847848224.8947,147797218201.271,456705433.99697804,1885112201.85278,15999886400.0,2092585622.88295,30607991862.4843,904996710130.1321,906016062005.97,277206213505.53,2626493056.82108,70596729394.0534,39587732028.6037,420032121655.688,3291353835.93,1016418229.25159,7422102655.98832,3734878551467.02,2458402448221.26,2349495620.59025,221758486880.31302,2830251030.80281,10276674364.8961,3182618894707.57,2657900000.0,806752264856.871,294137737.07003796,1176167422310.11,906016062005.97,18369361094.3886,34378437265.2141,552487224361.218,22902861.4457831,18610460326.5437,9942597779.99265,107647920792.07901,8658242707823.8,19579457966.0538,13855888000000.0,17330833852.919,610930037.037037,66371664817.0436,439376794.094041,51446032770431.5,508503671.284407,3846819721.4904,19061978586.1278,271638484826.10898,12756858899.2812,5443896500.0
2007,2615083798.88268,65266452081.385994,10677324144.4289,4016972351.4919205,1638213879955.77,257916133424.09802,287530508430.568,9206301700.39619,1311401318.88889,851962785585.303,388691445387.35297,33050343782.7759,1356199364.85882,471821105940.323,5969535131.58016,6771277870.96412,79611888213.148,44411476557.0329,21730000000.0,10618340000.0,15778767669.6991,45277399813.6067,1290542550.0,13120107688.0213,1397084345950.39,4672250000.0,12247694247.2298,1196091805.02316,10939053365.4786,1697565948.6532302,1464977190205.75,1265875985183.35,479913034321.89294,173605968179.255,3552182311652.97,20343635319.6174,22365265025.66,16737071816.38,8394688284.062241,205706860699.30103,794621676.4876809,1513933983.2239802,26743874205.8521,60904230941.2576,58603900000.0,23968765398.3028,189227050759.595,3439953462907.2,847918929.107984,421375851.851852,319423370134.284,44169678153.1566,134977087734.00801,4732740564132.71,6471529124525.86,12209518224988.3,2671275016108.22,21175225512210.7,51007777000.0,130478960092.49901,12873496328859.0,1479341637010.68,22237061730.0849,19707616772.7996,17793676181321.5,447126946198.225,255384615384.615,3405050611.68726,2657213249384.07,256548100.0,12438956756.4455,3074359743897.56,10172869673.5843,24758819717.7074,6281917559.68433,798885556.457903,695990208.376629,13071718758.7373,318497936901.177,758683592.592593,34113107084.9436,1740180444.25731,43700451358166.6,211597405593.868,12275501784.2971,352776757577.873,60093896109.0123,5885325589.97642,139850794387.281,14119059245379.6,15188629703282.5,1074846740174.03,544050760171.432,432216737774.861,523344971976.32794,1201111768409.39,269917519846.70102,349881601458.56,21319946739.5207,178706717752.732,2203053380782.92,12827809965.2375,17110587447.1086,4515264514430.57,104849886825.584,31958195182.2406,3802566170.8154297,8639235842.18075,132671742.95038101,723938700.37037,1122679154632.41,114641097818.438,3298169833828.91,4222962987.53859,24873482491.675,1373000000.0,67516236337.7158,1277201407.40741,3947715657252.15,467818007387.731,282491500147.625,32350248410.8216,3188190114093.76,14243798904699.5,1716262756.86956,9371248064395.67,39738180076.6283,50888134410.0739,30901399261.387,18340447242.9971,79041294874.4553,4401154128.122971,7342923489.096159,1868383460.9375,2123619015295.12,1052696282278.87,150776500.0,13961746765362.8,8336478142.08872,8145694631.88354,7880509170.54476,20182477480.5512,1003135831263.3,3680710375.03422,4234999823.3083897,9366742309.493309,3356757064.4584603,8150138757.15741,4432937045.79897,193547824063.3,15948507238205.8,8740865600.24981,4291363390.91295,275625684968.912,7423377429.05927,839419655078.018,401082621082.62103,10325618017.379,137316087308.003,43034317399239.3,42085305591.6775,265566505261.352,152385716311.916,21295984200.0,102170981144.136,149359918059.99802,193113700.0,9545071324.992409,429063549983.742,751319166550.144,240169336162.059,17856270473.153,5505800000.0,6079240022.09975,40884322848717.7,79712087912.0879,175933642291.76102,1299705764824.48,3824788145.2770295,1488597594160.48,415964509673.115,45898948564.0593,14285970085.1384,179981288567.447,516074228.95974904,2158496872.85796,17011750900.0,2488365726.79989,40289556656.1455,1050333895761.48,1051369321121.57,332549976224.71,2936440801.45719,86304245825.349,48114688201.4782,487816328342.30896,3469363996.36642,1033561654.0568,8638711442.7705,4723448855107.82,3160432462200.97,2659095101.1002603,262942650543.77103,3719506172.83951,12664165103.1895,3769085927342.24,2881000000.0,997685855024.795,300143056.873221,1488597594160.48,1051369321121.57,21641620049.9352,38908069299.204,675770204927.469,27030374.0272781,21501741757.483997,12292813603.2327,142579603960.396,10773556651269.0,23410572634.3147,14477635000000.0,22311393927.8817,684446259.259259,77414425532.2452,526428309.94508797,57953304867560.8,550970655.544072,4655899260.881471,21650532264.2322,299415505152.29803,14056957976.2648,5291950100.0
2008,2745251396.64804,88538611205.1433,12881353507.8539,4007353156.58415,2078570170452.08,315474615738.598,361558037110.419,11662040713.8753,1368431043.3333302,1052584601611.46,430294287388.31104,48852482960.0779,1611835901.9063,518625897172.99,7132787396.66547,8369637065.40255,91631278239.3237,54409138498.3548,25710877659.5745,10526000000.0,19112739664.4697,60763483146.0674,1368625150.0,16674276951.8822,1695824571927.15,4782000000.0,14393099068.5859,1258332337.28382,10945070441.9283,1985240986.18508,1549131208997.19,1529576689684.92,554363487120.303,179638496278.57397,4598206091384.0,24224903099.6283,26409781215.1844,19788515873.8942,11859013280.9951,241710969502.89398,911967428.7138381,1789333748.6799,30612932876.3523,69102174030.3682,60806300000.0,27839724622.8212,235718586901.129,3752365607148.09,999105339.2677289,458190185.18518496,353361056079.716,48288967303.4896,171000691877.714,5991572222628.4,7295858850769.64,14101958942749.5,3307101106404.06,23242064025441.6,61762635000.0,162818181818.182,14113093992011.1,1635015380108.39,24194039255.8957,27066912635.2228,19137006643248.3,578396926800.495,283742493042.332,3523185919.55826,2918382891460.38,262868600.0,15508574820.3516,2890564338235.29,12795044475.201,28526891010.4925,6964179254.97388,965781078.2069539,864654795.287148,19749893536.3204,354460802548.704,825976037.037037,39136954237.8479,1916996251.5953898,46482022304640.3,219279678430.16397,13789715132.501999,425916583723.067,70474602563.8396,6548530572.35291,157998423131.739,16955042425730.5,18239977345704.3,1291299113586.87,648033572712.1321,510228634992.255,634908086321.959,1186952757635.85,275020023436.356,406070949553.875,17658408759.0494,215840354626.53302,2390729163615.06,13680482786.9977,21972004086.2336,5037908465114.48,133441612246.798,35895153327.8497,5139957784.91084,10351914093.1723,141042610.300285,793368441.0074071,1002219052967.54,147395833333.333,3836471612517.37,5443915120.50795,29227542759.602,1726000000.0,87140405361.2292,1282126185.18519,4588223610982.0,580708652613.544,342247441088.729,40713812309.7316,3584986179582.04,17088279967275.8,1758534997.5227098,11650660466037.0,47850551148.8365,55849686538.7432,35596016664.2304,20917444919.6394,92507257783.5697,6054806100.8468,9413002920.97008,2271646187.5,2647704925795.41,1109989063586.62,152788700.0,16747310117743.2,9909548410.82744,9750822511.47988,8977149553.24447,31862554101.9378,1235366371471.69,4545674527.61096,5623216448.86851,11494837053.4061,4031048268.43289,9990370016.307709,5321012192.33619,230813597937.526,16273823136997.2,8486721916.9128,5379299887.69673,337035512676.56396,8496965842.2767,936228211513.11,462554432624.114,12545438605.3959,133279679482.67401,45559785979898.6,60905331599.4798,325682036300.389,170077814106.305,25155888600.0,120550599815.441,174195136253.393,196859300.0,11670678863.7458,533815789473.68396,947449151503.0759,262007590449.685,24578067861.3998,6673500000.0,6556238314.85692,43196307034390.4,115270054945.055,213605065703.28302,1660846387626.0,4860093843.141621,1515560305235.05,519796800000.0,54526580231.5568,16949789464.5284,192225881687.75198,608293860.271816,2505458705.03338,17986886200.0,2752307016.25897,49259526052.7426,1204146271926.36,1205113311453.3,401340448645.614,3532961748.6338797,100324627215.468,55589849128.4605,513965650650.11896,3294093485.20796,967199593.960157,10351932604.4154,5979856762841.21,3911391498441.58,3310277926.58997,291383081231.82,5161308187.83339,19271523178.8079,4402417334459.54,4391400000.0,1228766499962.33,349484427.609428,1515560305235.05,1205113311453.3,27871587349.5413,44856586316.0458,764335766423.3579,30290219.7617849,27368386358.131,14239026629.639,179816790704.73898,13162323938161.1,30366213119.2928,14718582000000.0,29549438883.8338,695428851.8518519,99130304099.1274,607958616.1434151,63574889383547.1,644132488.887141,5687417606.56218,26910851361.7555,286769839732.726,17910858637.9048,4415702800.0
2009,2498882681.56425,70307163678.1895,12044208085.863998,3660530702.97305,1796199871252.04,253547358747.447,332976484577.61896,8647936747.987041,1224253013.7037,926448240318.068,400172297860.517,44291490420.5026,1781455092.0711398,484552792442.345,7097198711.6102295,8369175126.2531595,102477791472.39,51884481410.3931,22938218085.1064,9981960000.0,17613836209.9581,50874078052.2735,1335217500.0,17339992165.2422,1667019780934.28,4479950000.0,10732366286.2643,1264758197.96593,10267133177.7334,1981732633.92013,1371153004986.44,1286274030112.12,541506500413.565,172389498444.621,5109953609257.25,24277493862.0625,26017925551.8426,18648373312.4241,9593537550.75063,232494134119.684,901711442.285944,1711817181.52969,30562361123.0103,58163115346.8116,62080000000.0,25942664629.0636,206179982164.40198,3418005001389.27,1049110684.72493,489074333.333333,321241396034.248,48376555305.6902,137211039898.19301,6498977010087.79,7019441790267.02,14531227663501.0,2599285122499.55,20445992796934.1,62519686000.0,188982374700.805,12904996282315.9,1499099749930.54,19652492636.8436,32437389116.038,17102541287761.0,541286458424.60205,251499027507.64102,2870624635.68032,2690222283967.77,279966700.0,12065138272.7538,2382825985355.97,10766809096.1694,25977847813.7422,6716904635.187329,900639534.0108991,826798659.766283,15027795173.2187,330000252153.37604,771275555.555555,37734072275.5946,2061324145.62393,43561058823053.3,214046415026.18698,14587496229.1811,428441015540.799,62754161039.069,6584649419.28348,130593960612.172,16450197453298.4,17709767716083.1,1266430930074.32,605773348293.585,539580085612.401,655632558883.845,1323940295874.9,236311336482.35602,414059094949.063,12944114736.1985,207419370241.335,2185160183384.27,12067478477.5714,23820230000.0,5231382674593.7,115308661142.92699,37021512048.8158,4690062255.12247,10401851850.6108,132420059.273124,767066391.8185179,901934953364.7109,105899930507.297,3600734480045.94,5832915387.08908,35477299023.8806,1768000000.0,63028320702.0343,1262872666.6666698,4312103234408.21,582489617337.569,360543268455.701,42066217871.5349,3659297579280.44,16703505487332.1,1773199526.39088,11263773382286.1,37440673477.8982,51370543206.4462,26169854045.0375,21475520709.3922,92897320375.8176,5439422031.396271,8550363974.79243,2345294875.0,2368231514846.58,900045350649.351,152617500.0,16350049303791.0,9401731495.71661,10181021770.4326,8528202278.41067,36906181380.8127,1195903243760.56,4159330369.5471,4583850367.88972,10911698204.4676,3662282133.1896205,9128843109.15588,6191127665.1963,202257586267.55603,15795698382986.4,8876191120.76189,5373097440.5653,291880204327.632,8298695144.915071,857932759099.75,386622457579.95,12854985464.0764,121338622025.111,42617383720415.5,48388296488.9467,279012564003.478,168152775283.03198,27116635600.0,120822986521.479,168334601260.075,182704300.0,11619541940.4014,439796160379.475,855761109622.909,243745748819.11603,22341754513.9643,7268200000.0,5776683305.58464,40673552613129.2,97798351648.3516,172611845341.55402,1222644282200.48,5378925894.62296,1665541206115.67,429097866666.66705,53150209167.934006,16248212852.2153,192408387762.118,597765363.128492,2453899846.88317,17601616000.0,2363156432.34232,42616653299.9115,1145339193475.1,1146185673576.2,342952362655.875,3875555555.55556,88945625173.6593,50244793831.6199,429657033107.73706,3580417066.9247203,847397850.094417,9253484108.49701,6486171262124.66,3101835443918.1,3365711796.38206,281710095724.761,4979481980.35098,20214385964.9123,4123961494576.23,3199600000.0,1188669436892.45,318166562.784677,1665541206115.67,1146185673576.2,19172165225.5015,43454935940.1614,644640000000.0,27101076.275152102,28573777052.4542,18168902153.8798,117113410001.027,12690751724510.6,31660911277.0294,14418739000000.0,33689223673.2577,674922481.481481,106014659770.22198,610066628.693058,60267069670108.8,560959527.824621,5653792720.20006,25130274124.2524,295936485832.635,15328342303.9575,9665793300.0
2010,2390502793.2960896,83799496611.6049,11926957254.6288,3355695364.23841,2109932335481.52,289787338325.391,423627422092.49,9260284937.797821,1152469068.5185199,1144260547872.81,391892746544.69,52902703376.1056,2032135246.5000398,483548031197.108,6970240895.498879,8979966766.07232,115279077465.226,50610058210.3696,25713271276.5957,10095760000.0,17176781336.7644,58665088956.0255,1396731700.0,19649724655.4886,2208871646202.82,4529900000.0,13707370737.0737,1585472534.10547,12786654365.8738,1986015906.25044,1613464422811.13,1312221268453.82,583782977866.405,218537551220.071,6100620488867.55,24884505034.5564,26143818509.6421,21565720044.4634,12007880438.6232,286103648654.545,907093130.3135211,1664310769.55229,37268635287.1516,63268926036.5313,64328000000.0,25562264900.6622,207477857918.91898,3417094562648.95,1128611700.3618,493824407.40740705,321995350346.50104,53982886258.2205,161207268655.392,7882449511059.16,8527822449104.14,16943268044133.5,3096286598322.38,20920601404656.3,69555367000.0,218888324504.75302,12641025254256.9,1431616749640.29,19490936349.1753,29933790334.3418,16986909515357.4,644646998633.361,247799815768.477,3140508835.9485,2642609548930.36,296525300.0,14358584300.3006,2441173394729.62,11638536861.8315,32174772955.9748,6853467936.39129,951806368.6991289,849050127.504407,16298542027.9965,299361576558.217,771013259.259259,41338521642.0274,2273224261.15644,45719294230837.4,228637697575.04,15839344591.9842,473380190094.03,59844207748.9473,6622541528.56888,130922638689.071,19985795436049.1,21438046280698.5,1456434804463.07,706536095373.902,755094160363.073,743067809596.6691,1656617073124.21,221951354761.53198,487069570463.76794,13310567802.9356,233609522091.46802,2125058244242.92,13200286270.4683,26425379436.6197,5700098114744.41,148047348240.643,40000088346.8041,4794357795.07139,11242275198.9783,156120895.248578,766785071.244444,1094499338702.72,115419050942.08,4481072174864.07,7127792629.582941,38419626605.3731,1998000000.0,74773444900.5368,1382054666.6666698,5347330835424.51,667272769017.931,392927956726.57104,56725749222.0435,4486999779580.24,20251031074492.0,2361613522.4601398,13513137975049.5,37120517693.8622,53212476812.2957,23757368290.0955,28123640998.7253,93216746661.5977,5811604051.96737,8729936135.744871,2588176054.6875,2767867932129.79,1057801295584.05,164969100.0,19856773794969.2,9407168702.4313,10678749467.4697,8741059602.64901,49540813342.4834,1383517142376.51,4139192052.9801297,7189481824.07288,10154238250.1818,4337791006.84248,10003670690.3497,6959655570.89098,255016609232.871,16583580836811.1,11282192605.0374,5718664504.91341,363359886203.26294,8758622328.66962,836389937229.197,429130952709.224,16002656434.4746,146583831538.331,44647279651025.7,58642392717.8153,324296889115.896,177406854514.885,29440287600.0,147528937028.778,199590775190.258,182863000.0,14250726289.853998,479257883741.752,1011298380634.19,238303443425.21,27215968615.5548,8913100000.0,6416546872.32604,42412404216511.4,125122306346.154,166225180150.414,1524917468442.6,5773084568.14756,2042061634081.08,528207200000.0,65634109236.7736,16215069255.5883,236421782178.21802,681151193.502387,2578026297.15912,18447922400.0,2139072847.6821198,39460357730.5224,1365285978395.57,1366254396942.11,393982362024.753,4368398047.64333,89501012915.7314,48013606745.4803,488377689564.921,4438778424.30203,969936525.298729,10657705536.4978,7867125329023.63,3635388689813.08,3426022205.75557,341105009515.333,5642178579.58438,22583157894.7368,5152710424889.5,3998900000.0,1374620791122.45,369485198.817979,2042061634081.08,1366254396942.11,22157253321.2039,44050929160.2627,771901783337.77,31823518.6204366,31409598703.7061,20186496527.1256,136013155905.036,15369774015389.0,40284481651.9021,14964372000000.0,39332770928.9426,681225962.962963,115931749697.241,700804286.224354,65965875326710.8,643046733.3911259,5830463576.15894,30906749533.221,375349442837.187,20265556273.582,12041655200.0
2011,2549720670.3910604,111789686464.26,12890866742.6533,3442062830.13622,2501738923095.22,350666031313.819,530163281574.65796,10142111334.4961,1142042915.5555599,1394280784777.68,431120310088.82,65951627200.2026,2235820867.8274302,527008453886.92896,7814081155.649879,10724063457.8326,128637938711.386,57418414504.0882,28776595744.6809,10070450000.0,18644723860.9709,61757788944.7236,1486595750.0,23963162983.7987,2616201578192.25,4660900000.0,18525319977.7407,1820207625.80217,15351972226.5024,2195599556.7386603,1788647906047.76,1445063963266.39,699579638638.2261,252251992029.442,7572553836875.34,25381616734.0693,29337006833.0825,25839749198.8233,14425607179.6639,334454039093.586,1021746833.4257301,1864824080.6925602,42262697840.4212,68351085108.7705,68990000000.0,27426994717.8204,227948349666.35397,3757698281117.55,1239144501.77525,501025296.296296,344003209695.606,57811180659.4545,200019057307.655,9635874338295.12,9582292843929.25,19647940619348.0,3827730416313.97,23180278607537.6,79276664000.0,236001858960.015,13622017842135.8,1488067258325.2,23170239900.7654,31952763089.33,18349552365225.9,708631770603.245,273674236772.815,3774530615.65916,2861408170264.61,310502100.0,18186478119.9582,2619700404733.37,14434619972.4072,39566292432.8615,6785137222.16956,898290989.936018,1098379391.95039,21329395900.871002,287797822093.178,778655925.925926,47654783850.6388,2576024015.5869,49412353685145.0,248513617677.287,17710315005.9999,528923376245.05,62404149309.6847,7516834160.25277,140782064609.18698,23638905235352.0,25299507731755.8,1662202072054.11,816005513717.9109,892969107923.097,838868078411.7191,1823049927771.46,239018536581.675,583500357530.414,14732689534.5966,261628548084.179,2276292404600.52,14413359665.4275,28840263380.2817,6157459594823.72,192626507971.58398,41953433591.4101,6197766118.59856,12829541141.0127,181705002.57864898,818728133.003704,1202463682633.85,154027536231.884,5054640853840.34,8749241114.189129,40075674163.2504,2398000000.0,34699395523.6073,1438006888.88889,6080907926035.55,770556184649.935,445371538523.617,65292753005.7475,5091371380482.7,23912927039398.4,2787951879.2323604,16479031277006.0,43476873412.803,60004630234.4135,28223552824.7508,36709860068.3445,101370474295.10901,7015206498.21955,9892702357.56691,2774351760.03287,3282146389758.02,1180489601957.61,173260300.0,23462551328987.7,10494632699.3859,12978107560.5982,9505636641.64581,59977326085.9908,1568522348029.8,4538198498.7489605,10409797649.3063,13131168011.807,5166341003.05814,11518393367.2403,8004000737.30717,297951960784.31396,17312124677047.8,12409629835.6998,6409184724.22579,410334579160.59,9774316692.15985,893757287201.688,498831558925.86,18913574370.76,168461998741.295,47978631594101.6,67937581274.3823,400607646223.844,213587413183.996,34686224300.0,171761737046.585,224143083706.77698,193235600.0,17984816533.1084,528725113045.826,1183404085974.42,244895101712.45102,33715524703.9288,10465400000.0,7632369497.28145,45528560210285.1,167775274725.275,183443154234.73102,2051661732059.47,6563320570.40862,2271880459393.29,671238840106.667,67327289319.733,17878780184.8872,275966926379.393,932725583.343148,2942546781.0454803,20283783700.0,2054489852.65499,46466728666.6103,1549900214419.98,1550965860009.12,476591100829.896,4422646203.75187,98181259740.0919,51290792018.1074,563109663291.177,4820499924.2539,1065826669.8974199,12156380425.0825,9617241167266.96,4418859678669.48,3867391618.08827,370818747396.83295,6522732202.50748,29233333333.3333,5878042083003.65,5681900000.0,1558059481133.08,423011844.331641,2271880459393.29,1550965860009.12,25366520906.9264,45810626509.4474,832523582089.552,38711827.7537311,33877905103.8715,20176025256.9153,163159671670.265,18371179948505.0,47962439303.7247,15517926000000.0,45915191189.3237,676129407.407407,135539438559.709,792149700.679116,73316778722289.8,739785121.889922,6691826522.10175,32726417878.391003,416418874939.23206,23460098339.7453,14101920300.0
2012,2534636871.50838,128052853643.44699,12319784886.2038,3164615186.94591,2786787184920.6,374590605854.323,545982375701.128,10619320048.5857,1211411704.4444401,1543411012579.91,409425234155.26294,69683935845.2138,2333308099.46249,497884216568.867,8152554487.31321,11166063466.5623,133355749482.47801,53903022339.0276,30749308510.6383,10720500000.0,17226849297.07,65685102554.8759,1563827850.0,27084497539.7974,2465188674415.03,4656350000.0,19048495518.5659,1823692109.61652,14420393568.8596,2169706564.05899,1824288757447.57,1350943595197.33,668043614122.87,267122320056.702,8560547314679.28,26790579775.295,29104437355.0395,29306235826.3886,13677930123.5919,370574421703.06,1015901205.4202801,1751888561.72747,46473128285.4629,70588397890.6743,73141000000.0,25041397918.5404,207376427020.815,3543983909148.01,1353632941.5207,485998000.0,327148899962.146,60657780260.6792,209058991952.125,10749714204582.3,10044524034458.6,21031417537881.9,4054083751455.33,22342893777522.8,87924544000.0,279372758361.832,12641928622059.2,1336018949805.58,23043864510.0543,43310721414.0829,17292208081934.1,816296451885.723,256706466091.089,3972012570.5346704,2683825225092.63,326128700.0,17171447372.3334,2662085168498.93,15846474597.7447,41939728978.7281,7638045248.45942,910026155.731035,989327811.785114,22389626329.3369,245670666639.047,799882259.259259,50388460920.182,2861560060.9322,49466770010251.3,262629441493.476,18528601901.323997,568543471450.963,56548374546.3441,7890216507.68913,127856647107.82,25133870749534.5,26924841020276.0,1793840402131.3,898602657147.683,917869910105.7479,885672688064.5509,1827637859135.7,225571853194.34802,598853401276.1011,14292008745.4017,257296579579.346,2072823157059.76,14798716216.2162,30937277605.6338,6203213121334.12,207998568865.78897,50412754861.0191,6605139933.410629,14054443213.4639,190243321.598675,800392821.222222,1222807284485.31,174070025008.932,5075675863878.23,10191350119.6808,44047334183.8806,2721000000.0,81873662518.8238,1436447074.07407,6143787788477.46,823708788408.379,482122048852.919,68434409314.840996,5340630487957.62,25539078386943.4,2678475775.1495,17632220035281.9,42848195256.2142,56677961787.0717,28119996053.2511,43031577366.4251,98266306615.3632,7284686576.2835,9919780071.287642,2886170571.6963396,3575250438663.59,1201089987015.45,185210500.0,25052913311421.9,9745251126.0109,12442747897.2223,9205742001.79879,59937797559.3295,1728448949153.39,4087724527.81704,12292770631.1967,14534278439.5973,5231255478.38986,11668685524.1265,6028487928.83351,314443149443.149,17985081294447.6,13016272898.9038,6942258305.19085,459376049763.819,10532001129.67,828946812396.788,510229136226.90204,18851513891.066,176192886551.397,47893537166943.4,76689206762.0286,418985290827.44604,224383620829.57,40429734400.0,192648999090.082,250092092998.143,214648500.0,21295834133.2309,500284003684.372,1305334853529.75,216368178659.447,33283228891.0923,11279400000.0,8148836479.22435,45463014310559.0,186833516483.51602,171196268957.961,2210256976944.74,7334917696.72263,2297280332400.63,735974843360.0,68125631150.2939,17825417949.4095,290673681683.604,1063879445.8342401,3801862611.36414,21386153000.0,1800077091.0959802,40742313861.1374,1632318042796.02,1633377912701.0,497722525197.345,4958566169.81474,93413992955.8972,46352802765.5763,543880647757.404,4823831656.516439,1060222480.2109,12368071038.7362,10728922595552.8,4610916129686.05,3873529926.2272296,397558094269.877,7633049792.093209,35164210526.3158,5934947300672.19,6671000000.0,1717183893494.45,472358251.22426105,2297280332400.63,1633377912701.0,25601811993.9704,45044112939.3687,873982182628.062,37671734.8254533,39087797979.9554,23114293416.3905,175781379051.433,19712282823464.3,51264390116.4909,16155255000000.0,51821573338.1312,692933740.740741,155820001920.492,781702874.106058,74993708029391.5,801168622.338114,6499935757.42002,35401339869.3055,396327875201.30396,25503370699.2015,17114849900.0
2013,2581564245.81006,136709862831.30801,12776280961.155,3281585236.3250103,2866861303189.56,390107556160.654,552025140252.246,11121465767.4067,1192919619.25926,1573696522006.77,430068712971.867,74164435946.4627,2451625332.74584,520925468952.938,9157355679.70205,11947176341.9966,149990451022.29,55555171009.772,32539547872.3404,10627600000.0,18178503835.4491,75527984234.2342,1608442150.0,30659338929.0883,2472806919901.67,4612500000.0,18093829923.2737,1798333725.8395398,14901750764.9811,1518565298.35641,1842628005830.18,1421875004125.78,688504173431.454,278384332694.359,9607224481532.65,31273049200.242996,32348149947.3727,32679745297.6453,14085851348.068998,381866608838.8,1115906341.7772698,1850470042.43281,49745088111.6217,71335339138.4765,77148000000.0,24084559214.0202,209402444996.10397,3752513503278.41,1324733711.8292198,501979148.14814806,343584385594.132,62661773591.7203,209755003250.66397,11864680965128.8,10229631406072.6,21275177777578.7,4310653102525.82,23351858469339.8,95129659000.0,288586231501.877,13193290272489.4,1361854206549.39,25137153149.4377,47648211133.2183,18028906567564.8,851363110898.7959,269980111642.898,4190143206.25611,2811077725703.59,316040600.0,17590745162.1326,2739818680930.19,16140047041.6347,63277216928.5093,8376613796.934259,1367041584.9639199,1045790132.98518,21942597765.3631,239862011450.103,842620111.111111,53851148431.932,2987684143.4665604,50012863581974.3,275696879834.966,18499710127.8385,635091382870.184,58147688052.2904,8452509315.87722,135215704418.96301,26571030133552.5,28535903049936.0,1971205421224.8,977361746527.1271,912524136718.019,984262617607.663,1856722121394.53,239389340720.488,467414852231.299,15548321544.3776,292489185194.417,2130491320658.68,14193012191.4957,33593843661.9718,5155717056270.83,236634552078.102,55096728047.9408,7335027591.91628,15227991395.2201,185113921.606488,849496203.911111,1305604981271.91,174161142454.161,5196506873413.56,11942230508.334,46471385850.1493,3067000000.0,65502870173.7831,1469795740.74074,6295129135694.07,893031958794.4509,528951381747.87,74317806538.3789,5578944490194.61,27101109201862.5,2526009059.18717,19014006861887.3,46417340374.5203,61739352212.3049,30254677296.9181,51552075901.5183,106825649872.108,7985387151.61916,10601690871.7611,3295011381.75405,3552739295302.56,1274443084716.57,190800800.0,26571359077279.2,10817712138.9451,13246412031.4145,10146688738.6529,60269734044.52599,1623681399008.02,4464261816.25066,12582122604.1921,16018848993.9909,5724227185.17784,12129642296.4425,5518880768.57955,323277158906.979,18539718715830.2,12717790504.5002,7667952566.39877,514966287334.443,10982972256.3787,866680000367.264,523502127659.574,19271168018.482,190785204763.525,48473422756535.5,78784395318.5956,436054902532.825,231218567178.97897,45599994000.0,201217661645.50897,271836123723.678,225345700.0,21261305413.2323,524201151607.188,1428910356924.43,226073492966.495,38585317742.981,12476000000.0,8440624521.67246,45860040677819.4,198727747252.74698,190949066979.17603,2297128039058.16,7621923307.70325,2357174528818.47,746647127413.333,72065940085.7719,18960182371.4679,304454327499.401,1129787198.20326,4920343194.99339,21977401900.0,1865374402.54912,45519650911.4138,1738514627952.82,1739842927885.69,515830866192.974,5149556633.8135,98478349315.3252,48116256926.0807,578742001487.571,4560713073.919479,1328158359.63061,12949854262.8127,11841791067819.2,4893001942185.3,4320427495.74933,420333333333.33295,8506045086.26842,39197543859.6491,6081520513732.55,5649800000.0,1611133030606.67,450686353.67401105,2357174528818.47,1739842927885.69,26578524198.305,46251061734.4741,950579367580.6279,37509122.0727128,44413614439.1527,24599550623.7254,183310146378.08102,20992414587084.6,57531233350.9101,16691517000000.0,57690453460.6205,721208998.225378,171222025117.38098,801787555.8611209,77098794653614.5,804808525.5372231,7071959638.874141,40415233436.1767,366643223164.00397,28045460442.1876,19091020000.0
2014,2649720670.3910604,145712200312.505,13228247844.1247,3350736367.25488,2908394129857.66,403137100068.073,526319673731.63794,11609512939.7543,1275576784.4444401,1464955475993.76,441885415805.825,75244294275.1498,2705783272.07443,530770977633.615,9707432015.614408,12377391462.6377,172885454931.453,56814543481.2102,33387712765.9575,10957300000.0,18558343508.3435,78813839984.3506,1692955750.0,32996187988.4226,2455993625159.37,4608350000.0,17098342541.4365,1958819095.68324,16250750259.0212,1702899386.14322,1799268695861.8,1464263712669.79,709182559935.3009,260584090570.988,10482372109961.9,35343298113.5131,34942948737.3967,35909040265.9328,14177437982.2619,381112119657.445,1148058015.47633,1859898513.26858,50577769837.690994,72495698044.4166,80656000000.0,23364707443.2798,207818330723.835,3890606893346.69,1455035088.74594,523540777.777778,352993633221.281,66065015410.0468,213810022462.428,12757489858485.5,10579531046172.6,21914183151602.1,4021999346982.25,23659400851557.1,101726331000.0,305529656458.438,13478913497853.3,1376910811040.88,26224622450.8302,55612228233.5179,18635887171535.5,860906213079.7479,272609288689.575,4483416339.9385395,2852165760630.27,317999400.0,18179752009.7489,3022827781881.39,16509305828.9648,53601126663.9079,8778473640.90839,1259063629.83287,1053512334.17271,21736500712.9638,237029579260.722,911497407.407407,58722323918.1604,3077643261.39312,51049656922114.4,291459356985.337,19756494434.7031,671126190446.291,57671307486.8132,8776350789.5993,140118140454.711,27450311568150.4,29567244890707.3,2127198381354.22,1058845282391.08,890814755233.225,1057664699569.24,2039127446298.55,258099014042.117,434474616831.914,17304033020.5364,308416982140.362,2151732868243.21,13852192273.1357,35826925774.6479,4850413536037.84,221415572819.5,61448041564.0191,7468096566.711579,16702610842.4025,179703443.302686,916857359.5296301,1411333926201.24,162631412508.784,5356666312204.11,13268458231.9284,48524603055.257,3144000000.0,41142722414.3351,1516576962.96296,6417071118037.93,969740498182.025,566457893204.468,79356449840.8881,5874696383767.07,28155302345846.4,2614566294.19462,19703591274717.6,48516371720.8346,66327344188.88901,31335013751.5424,55347998647.8196,110081248587.369,7983241044.201891,10673516672.6664,3697351596.8375297,3567701670984.17,1314563967425.24,183121300.0,27591216102255.4,11362272837.8818,14345828992.0411,11216758081.9535,65446199787.8425,1598388987556.7,4587926230.59573,12226514722.0861,16961117243.491001,5391475277.24326,12803445933.5894,6047813437.31804,338061963396.37604,19232659728993.0,12786078008.2376,8229731383.7693,568498937615.594,11880438824.4494,879635084124.987,499338534779.159,20002968837.9471,200955119873.905,49485304942607.9,81076723016.9051,448114815325.367,244360888750.807,49921464365.3204,201080662205.00198,284584522898.872,245675100.0,23060047127.6509,545285410921.99896,1528543228828.74,229629822121.601,40276532540.8812,12715600000.0,8800522784.6356,46789822585196.9,206224725274.725,199626806401.529,2063662665172.51,8016591927.659229,2581874264471.9,756350347333.3341,82151588418.8325,19770919167.0965,311539499644.85803,1172268300.95047,5015157815.73406,22585841200.0,1788510017.2482398,44210806365.6817,1825559832198.29,1826903049776.29,529411036154.419,5235212205.60635,100948236941.18199,49904928335.3069,573817719109.402,4377293816.28535,1343010475.37046,13922223233.5184,12732927119604.8,4624956065391.07,4568900619.924561,407339361695.577,9236309138.04277,43524210526.3158,6199464268957.2,4045400000.0,1585582335132.99,443911052.25404197,2581874264471.9,1826903049776.29,27200280855.0476,47632326088.237,934185972127.028,37290587.4998681,48219739330.6593,27291879819.3622,133503411375.739,21716519718488.4,57236013086.1223,17427609000000.0,63067077178.5381,727714407.111622,186204652922.262,814954306.971033,79188461749937.3,805162571.787264,7386891336.075359,43228583935.0365,350636208163.772,27150630607.2032,19495519600.0
2015,2691620111.7318397,116193649124.475,11386931489.7968,2811489408.89431,2560753811359.54,358135057862.492,594749285413.212,10553337672.9872,1359194737.40741,1349034029453.37,382065930307.97797,53074370486.0433,3104394858.11518,455039563132.776,8291155880.59505,10419303761.3524,195078678697.23,50201314894.5817,31125851063.8298,11792300000.0,16209702863.6235,56454734396.5842,1762500450.0,33000198263.3864,1802214373741.32,4584150000.0,12930394937.8137,2059809919.89325,14406496463.6055,1583776805.9656801,1559623393038.66,1285887062843.63,679289166858.236,243999477737.94,11064666282625.5,39633467835.725,30916218544.4404,37917704900.0794,8553154580.399509,293481748240.779,988150249.5336881,1596800287.16405,54775994478.4981,70862033353.6265,87133000000.0,19680625485.1946,186829940545.75897,3375611100742.22,1633741922.6873698,540830666.666667,301298464861.385,68802092020.9448,165979277276.90698,13271287745643.1,10262511922399.0,21795245264442.9,3074851737103.9,20373896284736.6,99290381000.0,332698041030.807,11667268254660.3,1197789902774.43,22566956982.229,64464547915.2698,16416319932320.0,781966692278.9241,232464833065.554,4362128146.45309,2438207896251.84,315179700.0,14377324797.637,2885570309160.86,13993546747.7492,49181854798.2552,8794202409.5678,1394149615.0246801,1047808175.0005699,13180195435.1132,195541761243.14398,997007925.925926,63767597193.9175,3197222215.01211,48319656623607.1,309383627028.56104,20979767785.2104,665409603321.643,49490142433.1046,8724656126.498491,122879042001.915,25914342622835.2,27992065449229.7,2089451144888.92,1003001432752.72,860854235065.0791,1079076488884.1,2102390808996.69,290617008367.572,385874474398.59,16942247373.9704,299093839689.55,1832868490534.11,14145469269.456999,37517410281.6901,4394977752877.82,184388432148.715,64007751187.8874,6678178340.45121,18049954289.4229,171117872.436331,936314411.4703699,1382764027113.82,114567298105.68301,4387475711763.74,14390391264.2607,49910270062.1559,3177000000.0,27842131486.4054,1622436703.7037,5516998478056.28,959826978203.386,556848371132.139,80604080688.7961,5834879339132.92,26611543367675.5,2510312804.7673697,18464370139344.7,41508609232.7778,57784495265.4378,26972863393.6384,45361678146.5247,101179808076.36,6512885830.43282,9744243531.20119,4109424801.40835,3147153525197.42,1170564619927.69,179697900.0,26060682945110.6,10064515432.0265,13099495529.7113,10554669617.5194,59687410896.5734,1444184538528.5,4052913385.8267703,11749620619.5962,14798413628.4625,4844223106.95469,11692287066.381,6373212640.84604,296636282166.176,19686255793552.8,11650656642.2655,7217667780.59665,494583180777.234,12611087031.4931,757999453314.269,386663139402.70703,21410840908.5198,177620948761.31,46749583061470.0,68905071521.4564,370581353575.521,270556126820.064,54091713775.5634,189926516769.25,292774099013.687,293124000.0,20638636035.255,476970902628.57794,1344611323866.14,199420256049.689,36164068797.2511,12673000000.0,8589369460.34644,44280417963556.6,161739835164.835,177893451831.14102,1368400705490.7,8277613193.576309,2696116882251.6,654269902880.0,97156119150.0,17767620058.8554,304097759674.134,1154650068.85921,4218723875.1379,23166030400.0,1523012088.2777,37160332465.1645,1663688786788.45,1665066294226.42,450032756389.49396,4767414747.88691,87501423882.4686,43072415017.4321,497918109302.399,4020275298.0272603,1377492465.56086,10945989471.6286,13245781212588.4,3601312782165.58,4179185205.1612206,401399422442.96704,7854602391.65355,35799714285.7143,5289638340934.71,3104400000.0,1431375209349.5,435438217.281663,2696116882251.6,1665066294226.42,24401734194.6814,43152528548.124,859796691176.471,35556038.8176495,45628320355.1735,27102650386.6012,91030959454.6961,20219305350733.9,53274304222.135994,18120714000000.0,66903804142.5395,755458031.415067,193241108709.536,737917151.424178,74916086734465.4,804100582.465624,6440612176.999001,45593573381.2648,317536830640.61896,21154394545.895,19963120600.0
2016,2646927374.30168,101123851090.473,11883682170.8236,2877311946.90265,2513935702899.65,357045064669.84296,554860945013.62,10546135160.031,1464630213.3333302,1208039015868.39,390799991147.46796,37867518957.1975,2959185295.3901896,467545548764.57104,8573159696.6112795,10886363726.8422,221415188000.475,53240950226.2443,32152686170.2128,11838800000.0,16911088173.7458,47749057078.1996,1806646250.0,33941126193.9219,1793989048409.29,4529050000.0,11400653949.1783,2219675780.89539,15648632361.5749,1755468136.86556,1535767736946.18,1314649428199.32,668745279604.532,250036180921.053,11190992550229.5,35389998638.9371,32621535418.9031,37134799974.5225,9035848070.90357,282856115393.175,1024261820.6281,1663008687.09505,57157992434.219,67665555626.4245,91370000000.0,20453761061.9469,195305084919.138,3477796274496.8,1764268468.9399102,575468222.222222,306899653409.601,72342967648.3354,160129866569.935,13508699275921.3,10478469295415.3,22511544018858.2,2944402616015.28,20283925294721.9,99937696000.0,332927833278.038,11935033021358.0,1237255019653.86,23337907618.5174,73000980433.9486,16493732605955.8,747106470807.938,238677672281.61102,4671313314.555779,2465134297438.91,329895600.0,14014369641.7689,2650850178102.14,14378016729.1587,55009730600.0307,8694360304.563671,1442298542.4400802,1178204501.38801,11260900825.8233,192690813126.86,1061631222.22222,68663653469.1246,3504024213.0750604,49281339920674.9,320881182123.855,21643936938.9096,672719512886.166,51640880494.2725,7970649131.234159,125816640420.569,26042173656557.1,28065251287997.0,2033195096250.88,929069294453.912,932256495234.2471,1100909371089.22,2274229710530.47,304819018067.107,418976679728.567,20304098101.4115,317747542489.389,1859383610248.72,14072135208.5664,38654727746.4789,4949273341993.88,137278320084.17099,70875223143.0362,6813092065.835071,20016747754.0192,178328873.03003302,958973183.2222221,1414804158515.26,110912280701.754,4284868016349.43,15805707154.2329,51483909754.8922,3277826000.0,26221660076.2226,1635675296.2963,5381030431192.47,961386046559.4059,538609463028.729,81787420023.358,6054671000959.61,26726016966212.3,2323419619.1784,18471547018952.7,42773029835.3222,58631324559.4484,27571513793.3984,45310877912.7215,103345296966.607,6795731286.20042,10001193315.1966,4414055724.802629,3155751031178.16,1077779580638.77,194497900.0,26189817248640.8,10672471860.7184,14010787737.8424,11274020600.9269,63256184700.2223,1459009156993.9,4374130530.97345,11186734674.3847,10981358030.5316,4739298730.42216,12232463655.5727,5433040159.88747,296752886724.682,20166305457752.0,11281259987.2185,7528285443.607691,404649527537.71295,13184989877.5664,777227541581.307,371075238095.238,21185922407.5922,189285950470.754,47659683711510.1,66824447334.2003,365180793974.34204,278654637737.69,57957594212.2216,191639655121.33,304889079564.14197,303984500.0,19028120012.7673,471992087443.889,1220166420291.91,205184480409.024,36054281572.3981,13425700000.0,9025052141.974571,45260097063637.2,151732142857.143,188494136775.719,1284727602174.3,8475681532.52169,2902952967919.78,644935541440.0,95584380032.2061,18973894458.795,309763879840.753,1232699139.42779,3556036534.5692296,23912227500.0,1564380530.97345,38299854688.1277,1541751163906.9,1543178532381.65,441871401742.741,3152173913.04348,89768598023.3903,44708598648.8562,514459972806.171,3817430000.0,1427525456.57573,10090922857.3905,13482761895157.8,3468035583953.44,4457732624.94515,411755164832.674,6952678127.03396,36180000000.0,5148501416959.25,2521000000.0,1445417303459.41,401117499.988895,2902952967919.78,1543178532381.65,22295585700.3672,41808379888.2682,863721731068.5079,36572611.88531479,47388394818.1193,24133664284.5033,93355993628.5042,20124279747628.3,52687612261.5424,18624475000000.0,67445712840.4013,770762204.076067,205276172134.901,787942567.411846,75997380505934.8,786640006.097846,6714712389.380529,36436652465.1639,295746599722.06604,20954754378.1394,20548678100.0
2017,2700558659.2178802,122123822333.73,13038538300.2644,3012914131.16971,2586310796347.12,382575085091.899,637430331479.469,11536590635.8268,1510084750.74074,1323421072479.07,416595666396.636,40747792237.9735,3172416146.3921,492681283049.248,9246696923.66155,12322864244.9183,249723862487.36102,58220973782.7715,35307127659.5745,12162100000.0,18054854788.5214,54456465472.6162,1862614800.0,37508642112.8799,2055505502224.73,4673500000.0,12128089001.5858,2528007911.35353,17406565823.2986,1949411659.20453,1653042795255.04,1454536913148.29,678887336848.2521,277075944401.94104,12237700479375.0,37353276059.2518,34922782310.6416,37642482562.3205,8701334800.219759,314457601859.523,1068124329.8625699,1772706451.18085,57285984447.7113,68823642409.779,96851000000.0,22054225828.2623,215725534372.371,3677439129776.6,1844674434.5037103,496727000.0,324871968807.469,75931656814.657,167555280113.181,14739561923912.5,11289478472218.9,23996456162788.6,3302378754265.41,21444091703392.5,104295862000.0,235369129337.71103,12589879981668.0,1311320015515.99,25921079612.3337,80561496133.9172,17281870755987.3,822637672949.2471,251884887972.76602,5061202767.42948,2582501307216.42,336427500.0,15013950984.084,2622433959604.16,15081338092.2875,58996776237.7603,10472514514.62,1489464787.57415,1346841897.00437,12293579173.2134,200288277129.038,1126882296.2963,75620095537.5005,3621046004.8426204,51479366306874.8,341449340450.649,22978532896.7816,742642395300.865,55213087270.6341,8408150517.976841,139135029758.29,28665370349218.4,30791189249167.0,2134213213197.64,924274680350.726,1015539017536.5,1211018778844.12,2600818243559.65,333730764773.18,454012768723.589,23909289978.5861,350850537827.281,1934797937411.33,14781107821.7513,40068308450.7042,4872136945507.59,162886867831.694,79263075749.2682,7564738836.041221,22158209502.6391,185572501.53280202,992007403.125926,1530750923148.7,120126277612.925,4744004226809.16,16853087485.4118,53576985686.6998,3285455000.0,38107728082.5817,1737504296.2963,5974236160003.79,1074101627590.25,575398243890.915,87357205923.1238,6516981067473.99,29284368455898.7,2578265358.30386,20463581135531.2,47168303744.1329,62404461274.6636,30264454641.8004,50361201096.4366,109708728848.535,8128493432.07741,11499803806.5729,4865546027.0157,3275662618704.45,1150887823404.18,204173430.050761,28708949920301.8,11279509013.9119,15334336143.644,12518134319.0893,67068745521.3823,1440493935136.74,4844592066.71174,11433635875.9316,12645508633.7664,5024708655.99147,13266427697.2513,6303292264.18905,314710259510.743,21049975179140.2,13253698014.7075,8119710126.3489,375745486520.656,13814261535.5434,826200282501.1271,398831956477.937,24880266905.4961,205852838254.712,49629781174501.2,72642652795.8387,403250638049.942,304951818494.06604,62283756584.4322,211389272242.15698,313595208736.66,289823500.0,20536314601.1039,526465839002.568,1295511382676.35,217571083045.99,39667400816.2126,14498100000.0,9665737127.79857,47092727170709.0,166928571428.57098,211883923504.01,1577524145962.85,9135454442.14013,3294668928203.49,686738400000.0,117487857142.857,21070225734.7861,323907234412.34,1303453622.2329302,3775047333.92116,24805439600.0,1632860040.56795,41431648801.1663,1668269754341.73,1669767509030.35,481740017587.519,2995827900.91265,95769031980.1362,48769655479.2388,538040458216.997,4433664364.24725,1497959568.97249,9871247731.897871,14711297865073.7,3884057680538.62,4757776485.12802,455302682985.757,7146449583.026309,37926285714.2857,5722759834219.96,2954620999.58441,1425775051964.19,427659795.301271,3294668928203.49,1669767509030.35,22079017626.6686,39952095560.8829,851549299635.427,39731317.30444871,52090321003.0556,25995031850.1658,112154185121.40599,22182784744754.5,56156972157.6958,19390604000000.0,49677172714.26,785222509.144563,223779865815.183,862879789.027549,80737576004679.9,840927996.555194,7244888738.280809,31267675216.25,348871647959.64,25868142073.452003,22040902300.0